Carta;Categoria;Idea1;Simbol1;Idea2;Simbol2;Idea3;Simbol3;Idea4;Simbol4
1;Faccions;Ciutat;0;Batalló;0;Mà d'obra;0;Universitat;0
2;Faccions;Parlament;0;Esquadró;0;Fe;0;Sindicat;0
3;Faccions;República;0;Cooperativa;0;Aquelarre;0;Escola;0
4;Faccions;Districte;0;Milícia;0;Temple;0;Gremi;0
5;Faccions;Comitè;0;Regiment;0;Credo;0;Finca;0
6;Faccions;Partit;0;Legió;0;Heretgia;0;Casta;0
7;Faccions;Ministeri;0;Aliança;0;Cor;0;Banda;0
8;Faccions;Mancomunitat;0;Brigada;0;Secta;0;Barri;0
9;Faccions;Seguit;0;Assemblea;0;Inquisició;0;Subcultura;0
10;Faccions;Federació;0;Rebel·lió;0;Germandat;0;Estudi;0
11;Faccions;Junta;0;Flota;0;Caritat;0;Orde;0
12;Faccions;Camarilla;0;Campament;0;Teocràcia;0;Comitè;0
13;Faccions;Classe;0;Cèl·lula;0;Caravana;0;Monopoli;0
14;Faccions;Tribunal;0;Marxa;0;Pacte;0;Diàspora;0
15;Faccions;Senat;0;Xarxa;0;Culte;0;Bloc de pisos;0
16;Faccions;Associació;0;Comandament;0;Germandat;0;Enclavament;0
17;Faccions;Monarquia;0;Tripulació;0;Cercle;0;Poble;0
18;Faccions;Lliga;0;Unitat;0;Monestir;0;Circ;0
19;Faccions;Conspiració;0;Casa;0;Anell;0;Indústria;0
20;Faccions;Colònia;0;Cohort;0;Festival;0;Escola de combat;0
21;Faccions;Districte;0;Exèrcit;0;Club;0;Clan;0
22;Faccions;Dictadura;0;Família;0;Societat;0;Corporació;0
23;Faccions;Resistència;0;Càrtel;0;Col·lectiu;0;Contingent;0
24;Faccions;Circumscripció;0;Campanya;0;Trobada;0;Tribu;0
25;Faccions;Moviment;0;Sindicat;0;Convenció;0;Equip;0
26;Faccions;Comuna;0;Força;0;Conclave;0;Companyia;0
27;Faccions;Cort;0;Companyia;0;Església;0;Expedició;0
28;Faccions;Banda;0;Protesta;0;Domini;0;Facultat;0
29;Faccions;Congrés;0;Horda;0;Magocràcia;0;Orquestra;0
30;Faccions;Oficina;0;Escamot;0;Grup;0;Multitud;0
31;Faccions;Nació;0;Amfitrió;0;Consell;0;Club de fans;0
32;Faccions;Domini;0;Vanguarda;0;Departament;0;Sense ànim de lucre;0
33;Faccions;Imperi;0;Grup armat;0;Estat;0;Consorci;0
34;Faccions;Bloc;0;Patrulla;0;Institut;0;Conjunt;0
35;Faccions;Seguidors;0;Gimnàs;0;Pacte;0;Empresa;0
36;Faccions;Comunitat;0;Agència;0;Ramat;0;Coalició;0
37;Faccions;Recolzats per doctrina religiosa;0;Orquestrar un esdeveniment;Esdeveniment;Va causar la mort d'un personatge notable;Personatge;Títeres polítics dotats;0
38;Faccions;Seu notable;0;Mantenir o protegir un objecte o substància;Objecte/Material;Van canviar de nom;0;Es creuen per sobre de la llei;0
39;Faccions;Grans reserves d'un material;Material;Provar o desmentir un mite;0;Va causar la ruïna d'una facció o personatge;Facció/Personatge;Mestres d'un esport o estil de lluita;0
40;Faccions;Recolzats per un patró ric;Personatge;Innovar en tecnologia o màgia;0;Va causar l'extinció d'una criatura;Criatura;Biblioteca notable de textos o documents;0
41;Faccions;Fort suport de la comunitat;0;Prevenir un esdeveniment apocalíptic;Esdeveniment;Va perdre recentment el suport d'un personatge;Personatge;Estafa piramidal;0
42;Faccions;Base o arma secreta;Ubicació/Objecte;Protegir o restaurar una espècie;Criatura;Orígens oblidats per la història;0;Amplis coneixements arcans o tecnològics;0
43;Faccions;Operen amb un codi estricte;0;Resoldre una lluita entre dos líders;Personatge/Personatge;Acreditats indegudament per causar una crisi;Esdeveniment;Coneguts per negar un esdeveniment històric;Esdeveniment
44;Faccions;Sense líder;0;Accelerar una profecia;Esdeveniment;Van perdre el control de la seva seu;Ubicació;Sistema de poder ancestral;0
45;Faccions;Lladres de noms o identitats;0;Trobar un líder perdut;Personatge;Van causar la destrucció d'una ubicació;Ubicació;Estigmatitzats socialment;0
46;Faccions;Propensos a l'extremisme o burocràcia;0;Obrir una porta prohibida;0;Estètica inspirada en una criatura;Criatura;Coneguts per cuinar amb un material;Material/Objecte
47;Faccions;Principis democràtics o socialistes;0;Derrotar un personatge;Personatge;Connectats a una història de creació;0;Doctrina inspirada per una criatura;Criatura
48;Faccions;Sempre en moviment;0;Trobar una ubicació mítica;Ubicació;Escàndol vergonyós;0;Col·leccionistes de secrets o quincalla;0
49;Faccions;Recol·lectors de somnis;0;Regular una professió;Personatge;Associat a una mentida enorme;0;Ritual d'iniciació esgotador;Objecte
50;Faccions;Textos fundacionals confusos;0;Causar problemes;0;Vinculat a un crim de guerra;Personatge;Objecte o material com a uniforme;Objecte/Material
51;Faccions;Parlar o escriure en codi;0;Controlar el comerç il·lícit;Material/Objecte;Va causar la mort d'una cosa immortal;0;Considerar sagrada una ubicació;Ubicació
52;Faccions;Sovint confosa amb una altra facció;Facció;Establir o eliminar una forma de culte;0;L'emblema representa un objecte;Objecte;Coneguts per un art o actuació;0
53;Faccions;El líder actual posa la prova pel seu relleu;0;Servir una entitat adormida;Criatura/Personatge;Aliats propers d'una altra facció;Facció;Ús freqüent de tàctiques d'intimidació;0
54;Faccions;Guardians d'una clau o porta;0;Assegurar la independència política;0;Sobrenomenat com una criatura;Criatura;Ritual especial amb una substància;Material
55;Faccions;Entrenadors experts d'una criatura;Criatura;Reclamar una ubicació sagrada;Ubicació;Fundats en principis diferents als actuals;0;Molt reservats;0
56;Faccions;Ritu de pas amb una criatura;Criatura;Derrotar una altra facció;Facció;Fundats per rancúnia o ira;0;Virtuosos d'un art màgic;0
57;Faccions;Reputació aclaparadorament positiva o negativa;0;Recaptar un delme antic;0;Van forçar una facció a exiliar-se;Facció;Portadors d'un objecte religiós;Objecte
58;Faccions;Mestres d'una eina o arma;Objecte;Exposar una facció o Personatge;Facció/Personatge;Fundats per preservar una tradició cultural;0;Socialment influents;0
59;Faccions;Propensos al vigilantisme;0;Desmantellar un sistema;0;Fundats com una broma o repte;0;Poden augurar el futur amb un objecte;Material/Objecte
60;Faccions;Només una operació de façana;Facció;Alliberar un monstre;Criatura;Vinculats a una conspiració sobre un esdeveniment;Esdeveniment;Adoren un aspecte d'una deïtat;0
61;Faccions;Matrimoni fora del grup prohibit;0;Desfer un esdeveniment;Esdeveniment;Subcontracten feina bruta a una altra facció;Facció;El lideratge es considera un càstig;0
62;Faccions;Estudiosos històrics d'un esdeveniment;Esdeveniment;Trobar una paraula perduda;0;Van crear o descobrir un objecte;Objecte/Material;Tenen una criatura com a mascota;Criatura
63;Faccions;Gran xarxa d'espionatge;0;Aconseguir un monopoli comercial;Material;Formats per interessos colonials;0;Líder de culte o celebritat;Personatge
64;Faccions;Fort sentit de jerarquia;0;Completar una col·lecció;Objecte/Material;Van expulsar un líder anterior;Personatge;Reputació d'innovació;0
65;Faccions;Molt dolents en relacions públiques;0;Trobar o ressuscitar un heroi;Personatge;Van construir o establir una ubicació;Ubicació;Col·lecció massiva d'alguna cosa;Objecte/Material
66;Faccions;Excel·lents propagandistes;0;Guardar o capturar una bèstia divina;Criatura;Coneguts per crear una obra mestra;Objecte;Experts recol·lectors d'un material;Material
67;Faccions;Etiqueta estricta o elaborada;0;Transmetre els ensenyaments d'un personatge;Personatge;Fundats per supervivents d'un desastre;Esdeveniment;Coneguts per treballs de caritat;0
68;Faccions;Altament corruptes;0;Buscar un objecte perdut o mític;Objecte;Van crear o criar una criatura;Criatura;Líder excèntric;Personatge
69;Faccions;Fort suport a la salut mental;0;Prevenir que es repeteixi una tragèdia;Esdeveniment;Cofundats per amics o rivals;Personatge/Personatge;Amants del menjar o beure;0
70;Faccions;Tabú que involucra un material o criatura;Material/Criatura;Recuperar un artefacte apropiat;Objecte;Van encobrir la implicació en un esdeveniment;Esdeveniment;Vibracions de culte;0
71;Faccions;Tabú que involucra una ubicació o objecte;Ubicació/Objecte;Estudiar o protegir un text;0;Galvanitzats per un esdeveniment;Esdeveniment;Recluten amb publicitat enganyosa;0
72;Faccions;Treballen sovint des d'un tipus d'ubicació;Ubicació;Fer un recurs accessible al públic;Material;Van restaurar una ubicació;Ubicació;Coneguts per càstigs corporals;0
1;Personatge;Constructor;0;Aeronauta;0;Extrovertit;0;Adept;0
2;Personatge;Ambaixador;0;Mecànic;0;Oligarca;0;Sanador;0
3;Personatge;Arxiver;0;Fabricant d'armes;0;Idealista;0;Examinador;0
4;Personatge;Fabricant;0;Oficinista;0;Contacontes;0;Rodamón;0
5;Personatge;Ecologista;0;Bromista;0;Explorador;0;Tradicionalista;0
6;Personatge;Treballador d'emergències;0;Compositor;0;Batedor;0;Disruptor;0
7;Personatge;Maquinista;0;Rastrejador;0;Sentinella;0;Pupil;0
8;Personatge;Comerciant;0;Agent;0;Veterinari;0;Refugiat;0
9;Personatge;Apicultor;0;Recluta;0;Rèporter;0;Pensador;0
10;Personatge;Metge;0;Artista;0;Savi;0;Delinqüent;0
11;Personatge;Membre del consell;0;Instructor;0;Comando;0;Penitent;0
12;Personatge;Lingüista;0;Arcanista;0;Botiguer;0;Portaveu;0
13;Personatge;Botànic;0;Corredor;0;Soldat;0;Lluminària;0
14;Personatge;Enllaç;0;Inspector;0;Poeta;0;Defensor;0
15;Personatge;Armer;0;Innovador;0;Predicador;0;Foraster;0
16;Personatge;Cartògraf;0;Artesà;0;Estratega;0;Autòcrata;0
17;Personatge;Estilista;0;Tecnòleg;0;Lluitador;0;Aventurer;0
18;Personatge;Artesà;0;Autor;0;Àrbitre;0;Temerari;0
19;Personatge;Assessor;0;Pirata;0;Comerciant;0;Fanàtic;0
20;Personatge;Defensor;0;Independent;0;Entrenador;0;Cap;0
21;Personatge;Crític;0;Detectiu;0;Artiller;0;Manetes;0
22;Personatge;Funcionari;0;Taverner;0;Actor;0;Apòstata;0
23;Personatge;Elementalista;0;Gimnasta;0;Auditor;0;Dignatari;0
24;Personatge;Mariscal;0;Boxejador;0;Investigador;0;Rodamón;0
25;Personatge;Missatger;0;Magnat;0;Voluntari;0;Estafador;0
26;Personatge;Espeleòleg;0;Assistent;0;Conseller;0;Sobirà;0
27;Personatge;Evocador;0;Capità;0;Especialista;0;Cuidador;0
28;Personatge;Consultor;0;Custodi;0;Proveïdor;0;Solitari;0
29;Personatge;Geòleg;0;Lladre;0;Erudit;0;Denunciant;0
30;Personatge;Jutge;0;Emprenedor;0;Bussejador;0;Esbirro;0
31;Personatge;Taxador;0;Animador;0;Demolidor;0;Ancià;0
32;Personatge;Advocat;0;Mag;0;Cuiner;0;Perfeccionista;0
33;Personatge;Economista;0;Comandant;0;Metge;0;Aficionat;0
34;Personatge;Artífex;0;Conserge;0;Corredor;0;Director;0
35;Personatge;Educador;0;Enquadernador;0;Ferrer;0;Deixeble;0
36;Personatge;Conductor;0;Entrenador;0;Mariner;0;Creient;0
37;Personatge;Empàtic o telepàtic;0;Derrotar un enemic o rival;Personatge;Emblema o sobrenom inspirat en un objecte;Objecte;Extremadament xerraire o concís;0
38;Personatge;Murmura o tartamudeja;0;Recollir un recurs o tipus d'objecte;Material/Objecte;Va rebre una visió d'un esdeveniment futur;Esdeveniment;Especialment maldestre o elegant;0
39;Personatge;Personalitat o trets físics d'una criatura;Criatura;Difondre o desmantellar una ideologia;0;Va treballar o es va obrir camí fins al cim d'una facció;Facció;Propens a les xafarderies o l'escàndol;0
40;Personatge;Valent o temerari;0;Destruir o enterrar un objecte o artefacte;Objecte;Emblema o sobrenom inspirat per una criatura;Criatura;Altament lògic (fred o indiferent);0
41;Personatge;Lligadura culturalment específica;0;Completar un prototip innovador;Objecte;Va causar la caiguda d'una facció o Personatge;Facció/Personatge;Massa honest;0
42;Personatge;Al·lèrgia greu a un material;Material;Escapar d'un grup o situació tòxica;Facció/Ubicació;Assoliments esborrats de la història;0;Turmentat;0
43;Personatge;Negociador o manipulador expert;0;Pagar un deute a un personatge o facció;Personatge/Facció;Finca familiar notable;Ubicació;Expert en un estil de lluita;0
44;Personatge;Sempre porta guants i/o màscara;0;Reviure una facció desapareguda;Facció;Últim practicant d'una professió;Personatge/Objecte;Massa confiat o desconfiat;0
45;Personatge;Cicatriu o ferida notable;0;Recuperar una relíquia o fortuna perduda;Objecte/Material;Va trair o denunciar un personatge o facció;Personatge/Facció;Divertit o loquaç;0
46;Personatge;Tatuatges o pírcings prominents;0;Anunciar l'apocalipsi;Esdeveniment;Responsable de destruir un artefacte;Objecte;Amant de la música, l'art o la literatura;0
47;Personatge;Porta ulleres o un ajut per veure o escoltar;0;Trobar la redempció per la implicació en un esdeveniment;Esdeveniment;Buscat per una facció per completar un ritual;Facció;Sempre amb pressa;0
48;Personatge;Animal de companyia o guardià;Criatura;Provocar un esdeveniment;Esdeveniment;Desaparegut durant anys;0;Personalitat càlida o emocional;0
49;Personatge;Extremadament baix o alt;0;Completar una obra mestra;Objecte/Material;Aprenent sota un personatge o facció;Personatge/Facció;Energia aparentment inesgotable;0
50;Personatge;Ulls o mirada intensos;0;Desenvolupar una nova manera de fer o obtenir un material;Material/Objecte;Va causar la mort d'un personatge notable;Personatge;Extremadament optimista o pessimista;0
51;Personatge;Diners antics o nou ric;0;Trobar una parella adequada per al seu fill;Personatge;Va canviar el rumb en una gran batalla;Esdeveniment;Vena rebel;0
52;Personatge;Fa i perd amics fàcilment;0;Venjar-se d'un personatge o facció;Personatge/Facció;Va predir un esdeveniment important;Esdeveniment;Fragància agradable;0
53;Personatge;Equip o roba característics;Objecte;Convertir-se en un artista o intèrpret aclamat;0;Patró d'una facció;Facció;Distret o oblidadís;0
54;Personatge;Malsons terribles o altres interrupcions del son;0;Establir una nova facció;Facció;En un triangle amorós;Personatge/Personatge;Encampador, coquet o adulador;0
55;Personatge;Recol·lector expert d'un material específic;Material/Objecte;Escapar d'alguna cosa o algú que els persegueix;Personatge/Facció;Abans feia servir un nom diferent;0;Descurat amb el temps o els diners;0
56;Personatge;Constantment picant o mastegant alguna cosa;0;Trobar un artefacte o ubicació perduts;Objecte/Ubicació;Implicat en una ruptura terrible;Personatge;Accent regional específic o mixt;0
57;Personatge;Pensador divergent o creatiu;0;Esmenar els errors històrics d'un esdeveniment;Esdeveniment;Enamorat d'algú prohibit;Personatge;Insegur;0
58;Personatge;Segona vida o identitat secreta;Personatge;Buscar o desenvolupar un tractament per a una malaltia;Material;Empresonat o protegit per una facció;Facció;Jura o diu moltes paraulotes;0
59;Personatge;Li encanten els jocs de paraules o les bromes;0;Recuperar-se dels efectes d'un esdeveniment;Esdeveniment;Va crear un objecte notable;Objecte;Excitable o entusiasta;0
60;Personatge;Hàbil solucionador o creador de problemes;0;Establir un imperi econòmic amb un material;Material/Objecte;Va tenir una experiència traumàtica en una ubicació;Ubicació;Taral·leja, xiula o remena coses;0
61;Personatge;Sempre porta un record d'un esdeveniment;Esdeveniment/Objecte;Escapar d'un somni o malson recurrent;0;Va escapar de la seva ciutat natal i mai va mirar enrere;Ubicació;Extremitat que falta o pròtesi;Objecte
62;Personatge;Posseeix un artefacte poderós;Objecte;Curar un desamor;Personatge/Personatge;De naixement o llinatge desconegut;0;Veu única per parlar o cantar;0
63;Personatge;Terrible en un rol, habilitat o professió específica;Personatge/Facció;Restaurar una espècie en una ubicació;Criatura/Ubicació;Trencador de juraments conegut;0;Considerat un geni;0
64;Personatge;Sentit de la moda audaç;0;Robar un objecte;Objecte;Posseeix una ubicació específica;Ubicació;Propens al deliri o a la paranoia;0
65;Personatge;Dolor o malaltia crònica;0;Unir o reconciliar faccions barallades;Facció/Facció;Carrera anterior en un rol específic;Personatge/Facció;Persona, reputació o aparença impecable;0
66;Personatge;Hàbil treballant o creant un objecte;Objecte;Restaurar la reputació després de ser calumniat;Personatge;Escàndol vergonyós;0;Aparença despentinada;0
67;Personatge;Connexions amb l'alta societat o els baixos fons;0;Venjar-se d'alguna cosa no humana;Criatura/Objecte;Vinculat a un crim;Esdeveniment;Manierismes ansiosos o pors;0
68;Personatge;Fòbia greu d'una criatura;Criatura;Reparar o restaurar un artefacte poderós;Objecte;Va construir o establir una ubicació;Ubicació;Camaleó social o papallona social;0
69;Personatge;Hàbil treballant amb un material específic;Material;Exposar un personatge o facció;Personatge/Facció;Únic supervivent d'una tragèdia;Esdeveniment;Pentinat, pèl facial o borrissol notable;0
70;Personatge;D'una família amb una ocupació específica;Personatge;Descobrir els orígens d'una catàstrofe;Esdeveniment;Li falten records significatius;0;Parla una llengua morta;0
71;Personatge;Políglota o erudit;0;Trobar un amic o familiar perdut fa temps;Personatge;Fortuna familiar en un recurs o bé comercial;Material;Art corporal (d'una criatura, objecte o ubicació);Criatura/Objecte/Ubicació
72;Personatge;Coneix la ubicació d'un artefacte poderós;Objecte;Infiltrar-se en una facció;Facció;Va tenir un paper improbable en un esdeveniment important;Esdeveniment;Bona mà amb les plantes o amb els animals;0
1;Esdeveniment;Batalla;0;Derrota;0;Rendició;0;Aniquilació;0
2;Esdeveniment;Estampida;0;Ajust de comptes;0;Tempesta(es);0;Delmació;0
3;Esdeveniment;Tsunami;0;Acord;0;Herència;0;Controvèrsia;0
4;Esdeveniment;Jurament;0;Terratrèmol;0;Competició;0;Prova;0
5;Esdeveniment;Corrupció;0;Meteor;0;Aposta;0;Pluja(es);0
6;Esdeveniment;Judici;0;Tornado;0;Cursa;0;Sacrifici;0
7;Esdeveniment;Abdicació;0;Huracà;0;Funeral;0;Onada;0
8;Esdeveniment;Coronació;0;Erupció(ns);0;Reconciliació;0;Collita;0
9;Esdeveniment;Cirurgia;0;Explosió(ns);0;Successió;0;Hibernació;0
10;Esdeveniment;Èxode;0;Fam;0;Victòria;0;Vòrtex;0
11;Esdeveniment;Xoc;0;Sequera;0;Concurs;0;Lligam;0
12;Esdeveniment;Cisma;0;Col·lapse;0;Espectacle;0;Escaramussa;0
13;Esdeveniment;Crisi;0;Extinció;0;Invasió;0;Punt mort;0
14;Esdeveniment;Concert;0;Inundació(ns);0;Emboscada;0;Devoració;0
15;Esdeveniment;Cop mestre;0;Incendi(s);0;Emancipació;0;Dansa;0
16;Esdeveniment;Aldarull(s);0;Plaga;0;Duel;0;Foscor;0
17;Esdeveniment;Mort;0;Epidèmia;0;Alliberament;0;Resurrecció;0
18;Esdeveniment;Profecia;0;Pandèmia;0;Judici(s);0;Pressa;0
19;Esdeveniment;Deserció;0;Conflagració;0;Tragèdia;0;Solstici;0
20;Esdeveniment;Assassinat;0;Guerra(es);0;Renaixement;0;Pansiment;0
21;Esdeveniment;Revolta;0;Atracament;0;Assalt;0;Desgel;0
22;Esdeveniment;Recessió;0;Massacre;0;Gresca;0;Apogeu;0
23;Esdeveniment;Estancament;0;Enverinament;0;Torneig;0;Trencament;0
24;Esdeveniment;Cop d'estat;0;Setge;0;Crim;0;Arribada;0
25;Esdeveniment;Revolució;0;Calamitat;0;Annexió;0;Floració;0
26;Esdeveniment;Elecció;0;Cataclisme;0;Festí;0;Reunió;0
27;Esdeveniment;Execució;0;Apocalipsi;0;Armistici;0;Despertar;0
28;Esdeveniment;Ascensió;0;Bombardeig(s);0;Robatori;0;Treva;0
29;Esdeveniment;Casament;0;Tempesta;0;Naixement;0;Broma;0
30;Esdeveniment;Escàndol;0;Flagell;0;Engany;0;Col·lapse;0
31;Esdeveniment;Règim;0;Detonació;0;Blasfèmia;0;Desvetllament;0
32;Esdeveniment;Extorsió;0;Congelació;0;Disculpa;0;Temporada;0
33;Esdeveniment;Proclamació;0;Cometa;0;Venjança;0;Divisió;0
34;Esdeveniment;Traïció;0;Hivern;0;Renaixement;0;Auge;0
35;Esdeveniment;Tàctica;0;Diluvi;0;Cacera;0;Retorn;0
36;Esdeveniment;Complot;0;Eclipsi;0;Purga;0;Escletxa;0
37;Esdeveniment;Fundació d'una nova nació o seu per part d'una facció;Facció/Ubicació;Esborrat de la història o encobert;0;Ascens meteòric d'un personatge o facció;Personatge/Facció;Aliment bàsic, ingredient o espècie esgotat;Material/Criatura
38;Esdeveniment;Desacord de jurisdicció sobre una ubicació;Ubicació;El moment de glòria o fracàs d'un personatge;Personatge;Gel o foscor invasora;0;Creença en un fals profeta;Personatge/Facció
39;Esdeveniment;Destrucció o abandonament d'una ubicació;Ubicació;Escassetat sobtada d'un recurs o tipus d'objecte;Material/Objecte;Esdeveniment rèplica;Esdeveniment;Va implicar molta especulació descarada;0
40;Esdeveniment;Construcció o disseny d'un monument commemoratiu;Ubicació;Exili d'una facció o Personatge;Facció/Personatge;Presenciat o atès per molts;0;Destrucció amb intenció de creació;0
41;Esdeveniment;Contaminació en una ubicació;Ubicació;Facció o Personatge sent esborrada de la història;Facció/Personatge;Incomprès en el seu moment;0;Capritx sobtat;0
42;Esdeveniment;Cràter fumejant o ruïnes;Ubicació;Reunió molt esperada;Esdeveniment;Avarícia d'un personatge notable;Personatge;Lliurament tardà d'alguna cosa;Material/Objecte
43;Esdeveniment;Canvi de nom d'un objecte o ubicació;Objecte/Ubicació;Ocupació d'una ubicació per una facció;Ubicació/Facció;Va passar de la nit al dia o va atrapar a tothom per sorpresa;0;Molt endarrerit;0
44;Esdeveniment;Creació d'un artefacte;Objecte;Descobriment d'un nou material o ubicació;Material/Ubicació;Criatura o espècie abandonant per sempre una ubicació;Criatura/Ubicació;La gota que fa vessar el got;0
45;Esdeveniment;Taca permanent en la reputació d'una facció;Facció;Exposició dels draps bruts d'un personatge;Personatge;La decepció d'un pare o la curiositat d'un nen;0;Notablement sense sang o sagnant;0
46;Esdeveniment;Cregut erròniament com a un muntatge;0;Transformació d'un artefacte;Objecte;Una flagrant demostració de poder;0;Presenciat per molts;0
47;Esdeveniment;Fortament polititzat (per una facció);Facció;Un plat mal preparat;0;Mapes redibuixats;0;Creació d'una recepta o cançó;0
48;Esdeveniment;Acte de blasfèmia o adoració;0;Petició, instruccions o contracte ambigu;0;Presenciat per ningú (o només per una persona);Personatge;Creació d'una recepta o cançó;0
49;Esdeveniment;Resurrecció d'una llengua morta;0;Nou sobrenom per a un material;Material;Elaborat encanteri o ritual;0;Coronació d'un monarca improbable;0
50;Esdeveniment;Va revelar el veritable poder d'un artefacte;Objecte;Quarantena o bloqueig al voltant d'una ubicació;Ubicació;Element rebel dins d'una facció;Facció;Descobriment d'una part d'un artefacte perdut;Objecte
51;Esdeveniment;Nou panteó o calendari;0;Naturalment espontani;0;Nou líder d'una facció;Facció;Ús imprudent d'un objecte o artefacte;Objecte
52;Esdeveniment;Obertura o retorn d'un personatge llegendari;Personatge;Nou art marcial o estil de lluita;0;Orquestrat per una facció per distreure d'un esdeveniment;Facció/Esdeveniment;Burocràcia o falta de voluntat política;0
53;Esdeveniment;Nou model per entendre el cosmos;0;Lloc situat majoritàriament al voltant d'una ubicació;Ubicació;Confiar en la persona o grup equivocat;0;Desconfiança pública en una facció o institució;Facció
54;Esdeveniment;Obra mestra artística o arquitectònica;0;Profundament poètic;0;Dol o venjança equivocada;0;Aliança reforjada entre faccions;Facció
55;Esdeveniment;Migració massiva a o des d'una ubicació;Ubicació;Expulsió d'un líder de facció;Personatge;Recordat cada any en l'aniversari;0;Llançament de moneda o tirada de daus;0
56;Esdeveniment;Fi d'un llinatge;0;Implicava trencar un tabú;0;Restauració o floriment d'una espècie;Criatura;Esdeveniment precursor;0
57;Esdeveniment;Exposició dels secrets d'una facció;Facció;Especialment unificador o divisiu;0;Intent d'assassinat fallit;0;Amenaça (emesa per o a un personatge);Personatge
58;Esdeveniment;Descobriment d'una nova arma poderosa;Objecte;Prohibició d'un rol social o professió específica;0;Pressió de les expectatives ancestrals;0;Punt d'inflexió;0
59;Esdeveniment;La gran aposta d'una facció o Personatge;Facció/Personatge;Pèrdua d'un mètode de construcció o fabricació;0;Acudit o rialla inoportuna;0;Efímer o persistent;0
60;Esdeveniment;Nova forma de mitjans de comunicació o gènere d'art;0;Prohibició d'un material;Material;Ressò o mirall d'un esdeveniment anterior;Esdeveniment;Catàrtic o revelador;0
61;Esdeveniment;Prohibició d'un tipus d'objecte;Objecte;Guerra entre faccions;Facció;Finalització d'una era;0;La paraula correcta a l'orella equivocada;0
62;Esdeveniment;Nou material experimental;Material;Revisió històrica;0;Sovint mal recordat o mitificat;0;Els dimonis personals d'un personatge;Personatge
63;Esdeveniment;Desheretament inesperat o canvi en l'herència;0;Va passar desapercebut;0;Assalt d'una persona o lloc;Personatge/Ubicació;Sentiments ferits o menyspreu menor;0
64;Esdeveniment;Nova tecnologia impulsada per un material;Material;Canvi sobtat en l'estat de la màgia;0;Només registrat en una ubicació;Ubicació;Rancúnia de segles;0
65;Esdeveniment;Destrucció d'un artefacte;Objecte;Nous delmes, impostos o tributs;0;Nova paraula, expressió o modisme;0;Broma o engany que se'n va anar de les mans;0
66;Esdeveniment;Criatura entrant o sortint de la hibernació;Criatura;Sobrenom a un personatge o facció;Personatge/Facció;Celebrat per una facció;Facció;Xoc de dos artefactes poderosos;Objecte/Objecte
67;Esdeveniment;Important objecte desaparegut;Objecte;Llarg període de neteja o reconstrucció;0;Canvis ràpids en l'ús de la tecnologia;0;Culpa equivocada a una facció o Personatge;Facció/Personatge
68;Esdeveniment;Malaltia transmesa per una espècie;Criatura;Va donar lloc al primer immortal;0;Destinat a romandre dins d'una família;0;Un secret revelat o una promesa trencada;0
69;Esdeveniment;Assentament d'una ubicació;Ubicació;Predits (per un personatge o facció);Personatge/Facció;Joc perdut o aposta;0;Romanç i/o rivalitat entre dues figures;Personatge/Personatge
70;Esdeveniment;Extinció o migració d'una criatura;Criatura;Canvi permanent en com la gent dorm o somia;0;Forces sobrenaturals implicades;0;Frase mal escoltada o traduïda d'un personatge;Personatge
71;Esdeveniment;Creació o eradicació d'un idioma;0;Col·lapse d'un poder abans gran;0;Autoinfligit;0;Indecisió o vacil·lació;0
72;Esdeveniment;Sobrenom a una criatura o ubicació;Criatura/Ubicació;Disculpa infame;0;Sobrenom a un material o objecte;Material/Objecte;Un moment de falta d'atenció;0
1;Ubicació;Pavelló;0;Casa del gremi;0;Cambra cuirassada;0;Terres salvatges;0
2;Ubicació;Granja;0;Ciutat;0;Fortalesa;0;Golf;0
3;Ubicació;Matollar;0;Campanar;0;Casa;0;Escull;0
4;Ubicació;Oasi;0;Botiga;0;Ciutadella;0;Illa;0
5;Ubicació;Ruïna(es);0;Auditori;0;Búnquer;0;Banc de sorra;0
6;Ubicació;Cràter;0;Pub;0;Magatzem;0;Hort;0
7;Ubicació;Volcà;0;Quiosc;0;Basílica;0;Pantà;0
8;Ubicació;Muntanya;0;Altar;0;Ambaixada;0;Barranc;0
9;Ubicació;Tresor;0;Cafeteria;0;Planta;0;Riu;0
10;Ubicació;Pista d'aterratge;0;Port;0;Seu del club;0;Penya-segat(s);0
11;Ubicació;Forat;0;Casino;0;Coliseu;0;Plana(es);0
12;Ubicació;Cementiri;0;Carreró;0;Refugi;0;Platja;0
13;Ubicació;Selva tropical;0;Bar clandestí;0;Complex;0;Guèiser;0
14;Ubicació;Ruta;0;Fumador;0;Cripta;0;Pantà;0
15;Ubicació;Escullera;0;Teatre;0;Torre;0;Fissura;0
16;Ubicació;Font;0;Lloc de trobada;0;Palau;0;Duna de sorra;0
17;Ubicació;Aiguamoll(s);0;Taller;0;Agència;0;Cau;0
18;Ubicació;Colós;0;Complex turístic;0;Arxiu;0;Cascada;0
19;Ubicació;Plaça;0;Banys públics;0;Vestíbul(s);0;Cim;0
20;Ubicació;Terrassa;0;Drassana;0;Laboratori;0;Mar;0
21;Ubicació;Desballestador;0;Fàbrica;0;Fortalesa;0;Matollar;0
22;Ubicació;Cruïlla;0;Galeria recreativa;0;Botiga;0;Gruta;0
23;Ubicació;Arc;0;Campus;0;Sala de ball;0;Cascada;0
24;Ubicació;Masia;0;Recinte;0;Temple;0;Canal;0
25;Ubicació;Hivernacle;0;Poble;0;Galeria;0;Entrada;0
26;Ubicació;Vall petita;0;Bulevard;0;Cuina(es);0;Pujol;0
27;Ubicació;Jaciment;0;Llar de foc;0;Guarnició;0;Glacera;0
28;Ubicació;Carretera;0;Barraca;0;Gimnàs;0;Embassament;0
29;Ubicació;Catacumba(es);0;Sala d'estar;0;Vil·la;0;Plana(es);0
30;Ubicació;Extensió;0;Farmàcia;0;Cabana;0;Bosc;0
31;Ubicació;Passeig;0;Barri marginal;0;Residència;0;Desert;0
32;Ubicació;Llac;0;Universitat;0;Pis franc;0;Esquerda;0
33;Ubicació;Mina;0;Clínica;0;Piràmide;0;Riba;0
34;Ubicació;Trinxera;0;Laberint;0;Armeria;0;Turó;0
35;Ubicació;Casa de feres;0;Mercat;0;Cafeteria;0;Caverna(es);0
36;Ubicació;Túmul;0;Dipòsit;0;Torre de guaita;0;Oceà;0
37;Ubicació;Evitat per una cultura o prohibit per una facció;Facció;Protegit o amagat per enginyeria o encantament;0;Porta el nom d'una criatura;Criatura;Altament accessible;0
38;Ubicació;Patint una sequera;0;Disfressat com un tipus d'ubicació diferent;Ubicació/Ubicació;Guanyat o perdut en una aposta entre faccions;Facció/Facció;Inusualment petit o gran;0
39;Ubicació;Arbres, flors o bolets específics de la regió;0;Sostres o teulades elaborats d'un material;Material;Superposat a una altra ubicació;Ubicació/Ubicació;Considerat terra sagrada;0
40;Ubicació;Arquitectura o disseny inspirat en una criatura;Criatura;Silenci total o fenomen auditiu inusual;0;Ubicació d'un artefacte secret o amagat;Objecte;Dividit per una frontera, abisme o trencament;0
41;Ubicació;Fenomen meteorològic específic;0;Moneda no metàl·lica;0;Només es pot trobar o navegar utilitzant un objecte;Objecte;Única font coneguda d'un material;Material
42;Ubicació;Freqüentat per contrabandistes o caçadors;0;Tots els que hi van han de portar o dur un objecte;Objecte;Ocupat per un personatge o facció notable;Personatge/Facció;Prova o judici necessari per entrar o sortir;0
43;Ubicació;Construït sobre secrets;0;Especialment sec, humit o ventós;0;Lloc de mort o d'enterrament d'un personatge o criatura notable;Personatge/Criatura;Maons, rajoles, bigues o components d'un material únic;Material/Objecte
44;Ubicació;Ric en un recurs natural;Material/Objecte;Propens a esllavissades, allaus o activitat sísmica;0;Reconstruït diverses vegades;0;Decorat, adornat o proveït amb un objecte;Objecte
45;Ubicació;Habitació o habitacions secretes o rebotigues;0;Camp que esmorteeix la màgia o l'energia;0;Refugi d'emergència o estació durant una crisi;Esdeveniment/Ubicació;Només es pot desbloquejar amb un objecte específic;Objecte/Ubicació
46;Ubicació;Finestres o portes boniques d'un material;Material/Objecte;Infestat per una criatura;Criatura;Creat per commemorar un esdeveniment;Esdeveniment/Ubicació;Columnes de roca, arcs o formacions dramàtiques;0
47;Ubicació;Menjar o beguda emblemàtic utilitzant un ingredient;Material/Ubicació;De forma irregular;0;Lloc d'una batalla o crisi;Esdeveniment/Ubicació;Ple de o envoltat per forats misteriosos;0
48;Ubicació;Conté una porta o reixa que no s'obre mai;0;Situat a les restes fossilitzades d'una criatura;Criatura/Ubicació;Danyat o arruïnat per una facció;Facció;Fonts termals naturals o guèisers;0
49;Ubicació;Cablejat o fontaneria especialitzada utilitzant un material;Material/Objecte;Laberíntic o claustrofòbic;0;Reconvertit en un santuari d'animals;Criatura;Rocós, espinós o pantanós;0
50;Ubicació;Envaït per plantes, fongs o enredaderes;Criatura;Tombes o sepulcres d'una facció;Facció;Convertit a partir d'un vehicle aparcat o vaixell encallat;0;Il·luminació o calefacció especial utilitzant un material;Material/Ubicació
51;Ubicació;Rierols, canals o aqüeductes;0;Creat o colonitzat per una facció;Facció;Nius o ruscs d'un material o criatura;Material/Criatura;Situat en una cova o gruta;Ubicació
52;Ubicació;Elements antigravetat o de control climàtic;0;Gira, es reconPersonatge o es mou per si sol;0;Epicentre d'un desastre;Esdeveniment;Situat a l'esquena d'una criatura enorme;Criatura/Ubicació
53;Ubicació;Ritu específic o codi d'hospitalitat;0;Passadissos, passarel·les o balcons d'un material;Material/Ubicació;Utilitzat com a fàbrica o taller per a un objecte;Objecte/Ubicació;Terra, fang, sòl o llot únic;0
54;Ubicació;Conté un generador d'emergència o refugi;0;Conscient o intel·ligent;0;Construït amb un material notable;Material;Hàbitat d'una criatura aquàtica o voladora;Criatura/Ubicació
55;Ubicació;Construcció viva o mecanitzada;0;Protegit per una barrera d'un material;Material/Ubicació;Reconstruït després d'un esdeveniment;Esdeveniment/Ubicació;Animal o planta famós;Criatura
56;Ubicació;Utilitzat per a esports o activitats en grup;Facció;Lloc d'un esdeveniment recurrent o cíclic;Esdeveniment/Ubicació;Construït o mantingut per un animal de treball;Criatura;Disseny de planta en espiral o fractal;0
57;Ubicació;Límit estricte d'ocupació o població;0;Ple de coses oblidades;0;Reconvertit en una refineria o sitja per a un material;Material;Última colònia d'una criatura;Criatura
58;Ubicació;Ascensors o sistema de transport intern;0;Camp que magnifica la màgia o l'energia;0;Troballa mítica d'un material especial;Material;Ple dels sons d'una criatura;Criatura
59;Ubicació;Banc d'alguna cosa diferent dels diners;Objecte/Material;Art o estàtues que representen una criatura;Criatura;Utilitzat per a coronacions o casaments;0;Revelat per marees o sorra movedissa;0
60;Ubicació;Requereix manteniment constant;0;Mural o talla que representa un esdeveniment;Esdeveniment;Utilitzat com a escola per una facció;Facció;Espècies de mida mega o micro;Criatura
61;Ubicació;Fa olor de menjar, material o criatura;Material/Criatura;Art o estàtues que celebren una professió;Personatge/Objecte;Proporciona energia a una facció;Facció;Llum solar constant o sense llum solar;0
62;Ubicació;Font o brollador molt preuat;0;Mosaics o escultures fets d'un material;Material;Responsable de la mort del seu fundador;Personatge;Conté un portal a una altra ubicació;Ubicació
63;Ubicació;Impulsat per un material o criatura;Material/Criatura;No es pot trobar o entrar-hi sense un objecte;Objecte;Segellat o en quarantena per una facció;Facció/Ubicació;Considerat icònic de la regió;0
64;Ubicació;Biblioteca d'alguna cosa que no siguin llibres;Objecte/Material;Lloc de trobada o amagatall per als déus;0;Amagatall d'un personatge o facció;Personatge/Facció;Arquitectònicament inestable;0
65;Ubicació;Experimentant actualment una crisi o esdeveniment;Esdeveniment;Ple d'una criatura domesticada;Criatura/Ubicació;Connectat físicament a una altra ubicació;Ubicació;Arribar o navegar requereix guies;0
66;Ubicació;Funcions de vigilància o seguretat;0;Parada migratòria d'una criatura;Criatura/Ubicació;Conté l'únic mapa d'una ubicació;Ubicació;Extenses característiques subterrànies;0
67;Ubicació;Cremat durant un esdeveniment;Esdeveniment/Ubicació;Situat en un llindar entre mons;0;Va ser creat o destruït utilitzant un objecte;Objecte/Ubicació;Ple de restes d'una criatura extingida;Criatura
68;Ubicació;Paisatge modelat per una criatura;Criatura;Indueix somni, somnis o malsons;0;Es rumoreja que està encantat per un personatge;Personatge;Mostra l'estil arquitectònic d'una cultura;0
69;Ubicació;Bar clandestí per a un cert tipus de clientela;Personatge/Facció;Porta les cicatrius d'un desastre anterior;Esdeveniment/Ubicació;Seu temporal d'una facció;Facció;Lloc de reunió per a esperits;0
70;Ubicació;Font màgica;0;Lloc de ritual per a una facció;Facció/Ubicació;Considerades germanes amb una altra ubicació;Ubicació/Ubicació;Poblat per una certa professió;Personatge/Facció
71;Ubicació;Zona de cria d'una criatura;Criatura;Amagatall secret d'alguna cosa;Objecte/Material;Lloc d'una gran derrota per a una facció;Facció/Esdeveniment;Construït en harmonia amb l'entorn;0
72;Ubicació;Banys o piscines especials;0;Fantasmal o il·lusori;0;Presó d'alguna cosa o algú poderós;Personatge/Criatura;Conté un edifici fantasma o punt de referència;Ubicació/Objecte
1;Objecte;Túnica;0;Maça;0;Fitxa;0;Globus;0
2;Objecte;Camisa;0;Mall;0;Corda;0;Recipient;0
3;Objecte;Collaret;0;Trident;0;Pot;0;Serra;0
4;Objecte;Mocador de cap;0;Vara;0;Funda;0;Uniforme;0
5;Objecte;Cota de malla;0;Garrot;0;Recipient;0;Segell;0
6;Objecte;Cinturó;0;Matxet;0;Capsa;0;Raspall;0
7;Objecte;Bufanda;0;Forrellat(s);0;Grillet(s);0;Trampa;0
8;Objecte;Màscara;0;Ogiva;0;Tenda;0;Guitarra;0
9;Objecte;Faixa;0;Fletxa(es);0;Elixir;0;Tauleta;0
10;Objecte;Beina;0;Arma de foc;0;Olla;0;Fanal;0
11;Objecte;Sabates;0;Bomba incendiària;0;Respirador;0;Enclusa;0
12;Objecte;Corbata;0;Espasa;0;Llaç;0;Cisell;0
13;Objecte;Diadema;0;Arc;0;Estufa;0;Agulla(es);0
14;Objecte;Vestit de cos sencer;0;Llança;0;Joia;0;Estilet;0
15;Objecte;Guant(s);0;Mina;0;Càpsula;0;Vial;0
16;Objecte;Barret;0;Gavinet;0;Lupa;0;Cantimplora;0
17;Objecte;Pantalons;0;Mall;0;Pergamí;0;Còdex;0
18;Objecte;Escut;0;Urpa;0;Fil;0;Telescopi;0
19;Objecte;Arnès;0;Destral;0;Pírcing;0;Sextant;0
20;Objecte;Casc;0;Pica;0;Cofre;0;Bossa;0
21;Objecte;Rellotge;0;Llançador;0;Cadena;0;Mapa;0
22;Objecte;Sandàlies;0;Baioneta;0;Carro;0;Galleda;0
23;Objecte;Fermall;0;Rifle;0;Carruatge;0;Llibre;0
24;Objecte;Polsera;0;Llançaflames;0;Automòbil;0;Regla;0
25;Objecte;Capa;0;Sarbatana;0;Ventall;0;Trepant;0
26;Objecte;Anell;0;Fona;0;Bol;0;Àbac;0
27;Objecte;Rodella;0;Mayal;0;Embarcació;0;Tisores;0
28;Objecte;Cinta;0;Arma llancívola;0;Carta(es);0;Instrument;0
29;Objecte;Botes;0;Javelina;0;Aeronau;0;Tenalles;0
30;Objecte;Visera;0;Falç;0;Runa;0;Rossinyol;0
31;Objecte;Espatllera;0;Ganxo;0;Alambí;0;Ulleres;0
32;Objecte;Collar;0;Projectil(s);0;Copa;0;Utensili;0
33;Objecte;Bandana;0;Bastó;0;Globus;0;Comunicador;0
34;Objecte;Escut d'armes;0;Dard(s);0;Moneda;0;Xiulet;0
35;Objecte;Buirac;0;Alabarda;0;Bicicleta;0;Clau;0
36;Objecte;Talismà;0;Fuet;0;Planador;0;Motxilla;0
37;Objecte;Propietats de control mental o controlables mentalment;0;Mètode de fabricació protegit per un personatge o facció;Personatge/Facció;Aparença ombrívola o etèria;0;Creat o donat com a ofrena de pau en un conflicte;0
38;Objecte;Dona forma o controla un material o objecte;Material/Objecte;Utilitzat en gestos romàntics o ritus de pas;0;Un d'un parell o conjunt;0;Robat per un personatge o facció;Personatge/Facció
39;Objecte;Propietats que atorguen resistència;0;Creat per a o per un personatge notable;Personatge;Components retràctils o de rellotgeria;0;Modelat a partir de les defenses naturals d'una criatura;Criatura
40;Objecte;Sentient / Conscient;0;Encarregat per un personatge o facció;Personatge/Facció;Propietats d'orientació o navegació;0;Causa contribuent d'un esdeveniment;Esdeveniment
41;Objecte;Propietats de vol o levitació;0;Creat o decorat amb un material;Material;Té l'aparença d'un rostre;0;Donat com a regal a un personatge o facció;Personatge/Facció
42;Objecte;Propietats telepàtiques o telecinètiques;0;Decorat amb restes d'una criatura;Criatura;Aparença ornamentada o desgastada;0;Buscat per un personatge o facció;Personatge/Facció
43;Objecte;Imbuit amb poders d'una criatura;Criatura;Orígens desconeguts;0;Atorga accés a una ubicació específica;Ubicació;Apareix freqüentment en la iconografia religiosa;0
44;Objecte;Propietats d'endevinació o espionatge;0;Peces desmantellades d'una ubicació;Ubicació;S'ha d'alimentar o recarregar amb un material;Material;L'original va ser intercanviat en secret per una falsificació;0
45;Objecte;Propietats que afecten la memòria;0;Creat en o al costat d'una ubicació;Ubicació;Dissenya, augmenta o dona forma a la màgia;0;Vinculat a una mort misteriosa;0
46;Objecte;Propietats il·lusòries o hologràfiques;0;Perdut per un personatge o facció notable;Personatge/Facció;Espurneja amb energia;0;Reparat utilitzant un material específic;Material
47;Objecte;Només es pot utilitzar una vegada;0;Creat com a complement a un altre objecte;Objecte;Estètica inspirada en els estels, el sol o la lluna;0;Creat mitjançant una nova combinació de materials;Material
48;Objecte;Propietats de disfressa o camuflatge;0;Robat o apropiat repetidament;0;Convoca un tipus de criatura o els comanda;Criatura;Molt modificat per un personatge;Personatge
49;Objecte;Propietats infernals o celestials;0;Desaparegut o inactiu durant anys;0;Estètica inspirada en una ubicació;Ubicació;Font de conflicte dins d'una facció;Facció
50;Objecte;Propietats de robatori o emmagatzematge d'informació;0;Vital per a la supervivència d'una cultura o facció;Facció;Canvia o reacciona al clima;0;Empunyat o portat per un personatge heroic;Personatge
51;Objecte;Propietats que afecten la dimensió o l'espai;0;Fabricat amb parts d'una criatura;Criatura;Sempre funcionant malament o caient a trossos;0;Creat a causa d'una rivalitat;0
52;Objecte;Proporciona refugi portàtil o defensa;0;Utilitzat com a emblema d'un personatge o facció;Personatge/Facció;No li agrada ser posseït;0;Creat per contrarestar un altre objecte;Objecte
53;Objecte;Propietats que milloren el carisma;0;Apostat en una aposta entre dues figures;Personatge/Personatge;Infrangible o flexible;0;Empasat o guardat per una criatura massiva;Criatura
54;Objecte;Dona forma a l'aigua, terra o gel;0;Desplegat per primera vegada en un gran conflicte;0;Oculta o conté un secret;0;Danyat o alterat per un personatge notable;Personatge
55;Objecte;Propietats curatives, restauradores o de reparació;0;Un cop restaurat per una facció o Personatge;Facció/Personatge;Utilitzat per caçar una criatura específica;Criatura;Cada cultura té la seva pròpia versió;0
56;Objecte;Indestructible o es creu que ho és;0;Creat en resposta a una crisi;Esdeveniment;Auto-animat o auto-propulsat;0;Creat per demostrar un punt per un personatge;Personatge
57;Objecte;Es destrueix una mica cada vegada que s'utilitza;0;Utilitzat per un rol o professió específica;Personatge;Aparença brillant o lluminosa;0;Desaparegut d'una ubicació específica;Ubicació
58;Objecte;Provoca creixement o decadència;0;Falsament cregut destruït en un esdeveniment;Esdeveniment;Conté una dimensió de butxaca;0;Utilitzat com a prova en el judici d'un personatge;Personatge
59;Objecte;Propietats vives o mecanitzades;0;Utilitzat en cerimònies reials;0;Multi-eina o segona funció;0;No pot sortir ni entrar a una ubicació;Ubicació
60;Objecte;Conté restes d'un personatge o criatura;Personatge/Criatura;Esborrat del registre històric;0;Propietats musicals o acústiques;0;Utilitzat per al jurament d'una facció;Facció
61;Objecte;Oculta una eina o arma;0;Preuat pels col·leccionistes;0;Propietats de teletransport;0;Punt focal d'un conflicte o crisi;Esdeveniment
62;Objecte;Dispositiu de la fi del món;0;Va ajudar a resoldre una crisi;Esdeveniment;S'activa quan se submergeix en aigua o foscor;0;Sobrenomenat amb el nom d'una criatura;Criatura
63;Objecte;Ajuda a comunicar-se a llargues distàncies;0;Creat per una criatura;Criatura;Propietats vampíriques, d'absorció o drenatge;0;Trobat enterrat sota una ubicació;Ubicació
64;Objecte;Propietats que afecten la velocitat o la força;0;Guardat en una ubicació específica;Ubicació;Dèbil contra un material específic;Material;Vinculat a nombroses prediccions o profecies;0
65;Objecte;Pot donar forma, influir o espiar els somnis;0;Marca de vergonya d'una facció a causa d'un esdeveniment;Facció/Esdeveniment;Convoca o es transforma en una criatura;Criatura;Plagat de rèpliques i falsificacions;0
66;Objecte;Imbuit amb propietats del seu material;Material;Creat per funcionar en climes extrems;0;Cobert de proteccions, glifs o paraules;0;Descobert al costat d'un altre objecte;Objecte
67;Objecte;Propietats d'absorció o consum;0;Responsable de destruir una ubicació;Ubicació;Fort contra un material específic;Material;Utilitzat en proves, judicis o interrogatoris;0
68;Objecte;Propietats elementals;0;Vinculat a un esdeveniment profetitzat o apocalíptic;Esdeveniment;Aparença bruta;0;Conté un mapa ocult o direccions cap a una ubicació;Ubicació
69;Objecte;Millora la influència o autoritat;0;Creat per commemorar un esdeveniment;Esdeveniment;Parla o escriu revelacions o secrets;0;Element icònic d'un personatge heroic o històrica;Personatge
70;Objecte;Atrapa, altera o manipula ànimes;0;Vinculat a històries antigues sobre una ubicació;Ubicació;Propietats químiques o alquímiques;0;Es rumoreja que està encantat per un personatge;Personatge
71;Objecte;Propietats de distorsió espacial;0;Perdut o destruït en un esdeveniment;Esdeveniment;Propietats de transmutació o transformació;0;Enterrat amb un personatge a la seva tomba;Personatge
72;Objecte;Propietats de creació o destrucció de matèria;0;Creat com un insult personal;0;Propietats d'alteració de la sort o el destí;0;Oblidat en un magatzem en una ubicació;Ubicació
1;Material;Combustible;0;Morter;0;Pell;0;Caldo;0
2;Material;Pegament;0;Rajola;0;Os;0;Espècie;0
3;Material;Explosiu;0;Maó;0;Perla;0;Gelea;0
4;Material;Fertilitzant;0;Ciment;0;Escata(es);0;Pols;0
5;Material;Guix;0;Aïllament;0;Closca;0;Polpa;0
6;Material;Feromona;0;Aliatge;0;Seda;0;Fideu(s);0
7;Material;Plasma;0;Mirall;0;Pell(s);0;Fluid;0
8;Material;Reactiu;0;Mineral;0;Granadura;0;Salsa;0
9;Material;Pedrenyal;0;Fusta;0;Tela;0;Formatge;0
10;Material;Quitina;0;Fusta;0;Munició;0;Xocolata;0
11;Material;Fragment;0;Metall;0;Teixit;0;Ou(s);0
12;Material;Àcid;0;Mineral;0;Ploma(es);0;Greix;0
13;Material;Verí;0;Biga;0;Fibra;0;Crema;0
14;Material;Droga;0;Pedra;0;Llana;0;Farina;0
15;Material;Corall;0;Cristall;0;Banya;0;Gra;0
16;Material;Sedant;0;Argila;0;Cuir;0;Mongeta(es);0
17;Material;Saba;0;Roca;0;Tèxtil;0;Carn;0
18;Material;Gas;0;Teula(es);0;Pigment;0;Llet;0
19;Material;Escuma;0;Canya(es);0;Gemma;0;Òrgan;0
20;Material;Sabó;0;Llamborda(es);0;Ullal;0;Suc;0
21;Material;Magma;0;Massilla;0;Pell;0;Llavor(s);0
22;Material;Verí;0;Marbre;0;Filferro;0;Xarop;0
23;Material;Ungüent;0;Granit;0;Tint;0;Arròs;0
24;Material;Cendra;0;Quars;0;Cera;0;Nou(s);0
25;Material;Carbó;0;Llenç;0;Ivori;0;Herba(es);0
26;Material;Corda;0;Paviment;0;Pasta;0;Fruita;0
27;Material;Bulb;0;Acer;0;Paper;0;Oli;0
28;Material;Poliment;0;Cable(s);0;Or;0;Sal;0
29;Material;Cordill;0;Guix;0;Plata;0;Alcohol;0
30;Material;Tinta;0;Gres;0;Platí;0;Verdura;0
31;Material;Sorra;0;Pissarra;0;Paper d'alumini;0;Vinagre;0
32;Material;Lingot;0;Grava;0;Feltre;0;Sucre;0
33;Material;Terra;0;Ceràmica;0;Resina;0;Sang;0
34;Material;Palla;0;Ferro;0;Pintura;0;Mel;0
35;Material;Pergamí;0;Vidre;0;Bambú;0;Greix;0
36;Material;Terra;0;Imant;0;Fil;0;Arrel(s);0
37;Material;Brillant, multicolor o diàfan;0;Útil per escriure, tallar o esculpir;0;Preuat per una professió específica;Personatge;Utilitzat en la creació d'un objecte;Objecte
38;Material;Utilitzat en cura del cabell, cura de la pell o bellesa;0;Recurs renovable o sostenible;0;un personatge notable té una al·lèrgia letal;Personatge;Collit o extret exclusivament en una ubicació;Ubicació
39;Material;Bé del mercat negre;0;Propietats de millora o alteració de la percepció;0;Producte de rebuig d'una ubicació;Ubicació;Font de la riquesa d'una facció o Personatge;Facció/Personatge
40;Material;Constantment taral·lejant o vibrant;0;Ve amb una pell, pel·lícula o closca;0;Utilitzat en la construcció d'una característica específica en una ubicació;Ubicació;Fet reciclant un tipus d'objecte;Objecte
41;Material;Sorrenc, granulós o cerós;0;Propietats de dissolució o desintegració;0;Utilitzat en la construcció o decoració d'una ubicació;Ubicació;Convertit en arma durant un esdeveniment;Esdeveniment
42;Material;Indueix son, somnis o visions;0;Popular entre criminals i/o sacerdots;0;Subproducte del processament d'un altre material;Material;Es va convertir en simbòlic d'un conflicte o crisi;Esdeveniment
43;Material;Calma, tranquil·litza o adormeix (un tipus de criatura);Criatura;Millora el rendiment per a una feina específica;Personatge;Origen sintètic o experimental;0;Obtingut o condicionat mitjançant evaporació;0
44;Material;Utilitzat com a guarnició;0;Té les qualitats d'un altre material;Material;Descrit en un sol poema o cançó enigmàtica;0;Produït naturalment per una criatura;Criatura
45;Material;Gust o olor notable;0;Propietats d'alteració del so o de la llum;0;Produït mitjançant un ritual (dut a terme per una facció);Facció;Els mites descriuen una ubicació perduda feta d'aquest material;Ubicació
46;Material;Absorbeix, emmagatzema o condueix màgia o energia;0;Allibera un líquid, gas o forma;0;Collit exclusivament per una facció;Facció;Prohibit per una facció o en una ubicació;Facció/Ubicació
47;Material;Repel·leix o atreu una criatura específica;Criatura;Es considera que porta bona sort;0;Origen d'un modisme comú;0;Considerat sagrat per una cultura (o facció);Facció
48;Material;Utilitzat en la pregària, ritus religiosos o política;0;Considerat un dret o propietat pública universal;0;Una fortuna es va perdre en un naufragi o accident;Esdeveniment;Distribuït abans o després d'un desastre o crisi;Esdeveniment
49;Material;Explosiu o corrosiu (quan es combina amb un material);Material;Només es pot obtenir un dia a l'any;0;Utilitzat per facilitar o mitigar un esdeveniment;Esdeveniment;Responsable de les propietats d'un objecte;Objecte
50;Material;Utilitzat com a combustible o bateria (en una ubicació);Ubicació;Afecta l'estat d'ànim o les emocions;0;Orígens divins o mítics;0;Sobrenomenat amb el nom d'un objecte;Objecte
51;Material;Propietats que afecten la memòria;0;Propietats de fusió o coagulació;0;Obtingut dels nius, ruscs o teranyines d'una criatura;Criatura;Descobert mentre es construïa o s'establia una ubicació;Ubicació
52;Material;Afecta el creixement o comportament de plantes o animals;Criatura;Reutilitzable o reciclable;0;Tradicionalment utilitzat per un sol sexe o gènere;0;Utilitzat en els rituals d'una facció;Facció
53;Material;Reacciona quan es dissol o s'exposa a l'aigua;0;Donat com a insult o gest romàntic;0;Utilitzat per preparar-se per a l'esport o la batalla (per una facció);Facció;Abundant en una ubicació específica;Ubicació
54;Material;Fa alguna cosa quan es crema o es frega;0;Desafia les lleis naturals o físiques;0;Utilitzat en pintura o tatuatges (per una facció);Facció;Majoritàriament esgotat durant un esdeveniment;Esdeveniment
55;Material;Aparença marbrejada, amb clotets o clapejada;0;Propietats sísmiques o volcàniques;0;Socialment estigmatitzat (dins d'una cultura);Facció;Suborn, regal o pagament en un esdeveniment;Esdeveniment
56;Material;Propietats nutricionals o medicinals;0;Confereix les qualitats d'una criatura;Criatura;Descobert o desenvolupat per accident;0;Emmagatzemat per una facció;Facció
57;Material;Requereix un recipient especialitzat (d'un material);Material;Utilitzat en la fabricació d'una eina o instrument musical;Objecte;Origen d'una moda o bombolla econòmica;0;Font d'aliment d'una espècie;Criatura
58;Material;Reacciona quan es trenca, s'esquinça o s'abonyega;0;Sura o té propietats d'alteració de la gravetat;0;Es va convertir en la passió d'un personatge;Personatge;Utilitzat com a combustible o font d'energia per a un artefacte;Objecte
59;Material;Verinós (especialment per a una criatura);Criatura;Afecta la respiració o la circulació;0;Utilitzat en la construcció naval o la navegació;0;Creat durant un esdeveniment;Esdeveniment
60;Material;Immediatament letal després de la collita;0;Propietats elèctriques o químiques;0;L'única cosa que pot destruir un objecte;Objecte;Utilitzat en endevinació o profecia (per una facció);Facció
61;Material;Irradia, absorbeix o reacciona a la llum o la calor;0;Sempre recollit o collit amb consentiment;0;Utilitzat en ritus de naixement/mort d'una cultura (o facció);Facció;Utilitzat per millorar o modificar un objecte;Objecte
62;Material;Propietats de protecció, desviació o reforç;0;Propietats que afecten la mida;0;Collit o manipulat utilitzant un tipus d'objecte;Objecte;Aliment bàsic d'una cultura (o facció);Facció
63;Material;Propietats magnètiques, atractives o repulsives;0;Propietats de manipulació de màgia o energia;0;Única debilitat coneguda d'una criatura;Criatura;Tot el subministrament controlat per un personatge;Personatge
64;Material;Propietats reflectores o transparents;0;Propietats modelables o programables;0;Fet reciclant un altre material;Material;Va ajudar a resoldre una crisi;Esdeveniment
65;Material;Propietats cromàtiques o de camuflatge;0;Impulsat o imbuït pel sol, la lluna o les estrelles;0;Desenvolupat o descobert per una facció;Facció;Variant preuada trobada només en una ubicació;Ubicació
66;Material;Utilitzat per tenyir, curar o temperar;0;Dona vida a objectes inanimats;0;Vinculat a conspiracions sobre una facció;Facció;Utilitzat en la fabricació d'uniformes o equipament d'una facció;Facció
67;Material;Utilitzat en pavimentació, maçoneria o construcció;0;Controvertit quan s'utilitza com a ingredient;0;L'escassetat va causar una guerra comercial o un esdeveniment històric;Esdeveniment;Processat o refinat en una ubicació específica;Ubicació
68;Material;Marcador de classe o símbol d'estatus;0;Propietats intoxicants o estimulants;0;Utilitzat en la fabricació d'un objecte culturalment important;Objecte;Sobrenomenat amb el nom d'una espècie;Criatura
69;Material;Propietats netejadores o desinfectants;0;Crea, afecta o reacciona al gel o al foc;0;Color especial quan es cull d'una ubicació específica;Ubicació;Utilitzat en la decoració d'un objecte;Objecte
70;Material;Híbrid o aliatge d'un altre material;Material;Utilitzat en una beguda o postres;0;Considerat una delícia dels déus;0;Utilitzat en la fabricació de sòls, parets o portes d'una ubicació;Ubicació
71;Material;Extremadament pesat o lleuger;0;Excepcionalment rar o preciós;0;Va causar divisió religiosa dins d'una facció;Facció;Collit dels residus o excrements d'una criatura;Criatura
72;Material;Aparença semblant a un liquen o molsosa i esponjosa;0;Tractat com a moneda (dins d'una facció);Facció;Part de l'estètica icònica d'un personatge;Personatge;Utilitzat per detectar o castigar l'engany;0
1;Criatura;Fong;0;Rap;0;Ós;0;Falcó;0
2;Criatura;Planta;0;Armadillo;0;Formiga;0;Lleó;0
3;Criatura;Drac;0;Llúdriga;0;Raptor;0;Ant;0
4;Criatura;Vinya;0;Rajada;0;Rèptil;0;Linx;0
5;Criatura;Molsa;0;Abella;0;Felí;0;Al·ligàtor;0
6;Criatura;Alga;0;Teixó;0;Cérvol;0;Basilisc;0
7;Criatura;Kraken;0;Escarabat;0;Caní;0;Mastodont;0
8;Criatura;Orquídia;0;Grua;0;Marsupial;0;Lleopard;0
9;Criatura;Pegàs;0;Libèl·lula;0;Rosegador;0;Cocodril;0
10;Criatura;Flor;0;Mostela;0;Aràcnid;0;Dofí;0
11;Criatura;Sirena;0;Centpeus;0;Cefalòpode;0;Senglar;0
12;Criatura;Corall;0;Colibrí;0;Dinosaure;0;Bisó;0
13;Criatura;Estrella de mar;0;Camell;0;Ocell;0;Pitó;0
14;Criatura;Cactus;0;Elefant;0;Peix;0;Antílop;0
15;Criatura;Arbre;0;Pingüí;0;Ratpenat;0;Quimera;0
16;Criatura;Hipopòtam;0;Mofeta;0;Insecte;0;Follet;0
17;Criatura;Escorpí;0;Gaig;0;Cavall;0;Anemone;0
18;Criatura;Llangardaix;0;Marsopa;0;Rata;0;Cargol;0
19;Criatura;Hiena;0;Salamandra;0;Bestiola;0;Arbust;0
20;Criatura;Rinoceront;0;Peresós;0;Cabra;0;Marisc;0
21;Criatura;Pantera;0;Foca;0;Boví;0;0;0
22;Criatura;Tigre;0;Cangur;0;Mosquit;0;Drac;0
23;Criatura;Bacteri;0;Conill;0;Tortuga;0;Voltor;0
24;Criatura;Lotus;0;Gallina;0;Mico;0;Morsa;0
25;Criatura;Peix espasa;0;Anguila;0;Llop;0;Arbust;0
26;Criatura;Paràsit;0;Sauròpode;0;Medusa;0;Llim;0
27;Criatura;Cloïssa;0;Lloro;0;Porc;0;Falguera;0
28;Criatura;Calamar;0;Griu;0;Ovella;0;Cuc;0
29;Criatura;Geco;0;Pelicà;0;Arna;0;Hidra;0
30;Criatura;Pop;0;Lèmur;0;Serp;0;Unicorn;0
31;Criatura;Coiot;0;Ànec;0;Balena;0;Gàrgola;0
32;Criatura;Falcó;0;Cavallet de mar;0;Simi;0;Alga;0
33;Criatura;Aranya;0;Estruç;0;Amfibi;0;Alce;0
34;Criatura;0;0;Granota;0;Còrvid;0;Constrictor;0
35;Criatura;Mussol;0;Cranc;0;Llimac;0;0;0
36;Criatura;Tauró;0;Ocell cantaire;0;Tortuga;0;0;0
37;Criatura;Alimentació en eixam o frenesí;0;Simbiòtic amb una altra criatura;Criatura;Caçador en manada o habitant de ramat;0;Pell o marques de pelatge canviants;0
38;Criatura;Banyes, ullals o banyes ramificades;0;Sense dents, sense boca, sense orelles o sense ulls;0;Bonic però mortal;0;Urpes, ullals o mandíbules;0
39;Criatura;Sagrat o profà per a una cultura (o facció);Facció;Associat a un valor cultural o qualitat personal;0;Va canviar el rumb en una batalla crucial;Esdeveniment;Excavador o escalador;0
40;Criatura;Cicle de cria o migració molt llarg o irregular;0;Verinós o tòxic;0;Joguiner o capriciós;0;Forma del cos s'assembla a un objecte;Objecte
41;Criatura;Sense potes o cama;0;Va matar un personatge històric;Personatge;Greix o gepa;0;Extremitats o apèndixs addicionals;0
42;Criatura;Gran colònia en una ubicació notable;Ubicació;Es comunica mitjançant brunzits o clics;0;Multi-morfisme sexual;0;Mortal de consumir si no es prepara adequadament;0
43;Criatura;Articulacions reversibles o addicionals;0;Rugit o xiscle poderós;0;Es comunica mitjançant cançons;0;Caçat com a ritu de pas (per una facció);Facció
44;Criatura;Presagi d'un esdeveniment profetitzat;Esdeveniment;Es comunica mitjançant gestos o patrons;0;Trompa, bec o morro;0;Extremitats o coll llarg;0
45;Criatura;Reproducció asexual;0;Híbrid amb una altra criatura;Criatura;Es comunica mitjançant olors, feromones o productes químics;0;Donat com a regal a un personatge notable;Personatge
46;Criatura;Mandíbula desencaixable o de fixació;0;Utilitzat per a la recerca de camins (per una facció);Facció;Considerat plaga o menja plagues;0;Pell, escates o closca inusuals;0
47;Criatura;Originat en una altra dimensió o regne;0;Símbol d'una facció;Facció;Vida inusualment curta o llarga;0;Totalment solitari o altament social;0
48;Criatura;Altament intel·ligent o ment rusc;0;Ja no es troba en el seu hàbitat original;Ubicació;Tentacles, arrels o filaments;0;Sense ales o ales no emplomades;0
49;Criatura;Regeneració;0;Translúcid o transparent;0;Depredador d'una altra criatura;Criatura;Creix algues, líquens o espores;0
50;Criatura;Col·lecciona o fa nius en fornitures (d'un tipus d'objecte);Objecte;Metabolisme molt ràpid o lent;0;Pinces o pues;0;Ulls, orelles o boques addicionals;0
51;Criatura;Cos cristal·lí o mineral;0;Desplegat per ajudar durant un esdeveniment;Esdeveniment;Creat per màgia o tecnologia;0;Caçat o criat per un material;Material
52;Criatura;Amfibi o aquàtic;0;Cuspidor d'àcid o tinta;0;S'alimenta d'una ubicació;Ubicació;Aletes, pales o peülles;0
53;Criatura;Extremitats o cua desmuntables;0;Forma amistats, famílies o colònies interespecífiques;0;Conegut per molts noms;0;Fet a partir d'un material;Material
54;Criatura;Hàbitat desèrtic o polar;0;Notablement pelut o sense pèl;0;Portat a la vora de l'extinció (durant un esdeveniment);Esdeveniment;Habitant de coves o ocea profund;0
55;Criatura;Guardians d'una ubicació;Ubicació;Antenes, peduncles oculars o bigotis;0;Consomeix/es comunica a través dels somnis;0;Placa de crani gruixuda o capa de moc;0
56;Criatura;Diürn o nocturn;0;Resistent a la calor, fred o verí;0;Carapassa o exoesquelet;0;Gran crinera, cresta o volants;0
57;Criatura;Menjador de fulles o pasturador;0;Guardians d'un artefacte;Objecte;Proporciona material d'elaboració per a un artefacte;Objecte;Terrorífic però amigable;0
58;Criatura;Utilitzat en el ritual d'iniciació d'una facció;Facció;Posa un sol ou o porta la cria;0;Parcialment mecànic o sintètic;0;Notablement llanut, borrissolós o emplomallat;0
59;Criatura;Pelatge estacional o característiques;0;Estructura corporal asimètrica;0;Camuflatge que s'assembla a un material o ubicació;Material/Ubicació;Cua amb garrot o agulló;0
60;Criatura;Mascota d'un personatge notable;Personatge;Utilitzat com a emblema d'un personatge notable;Personatge;Adorat per un personatge o facció;Personatge/Facció;Filtre menjador o amb moltes dents;0
61;Criatura;Brànquies o pulmons especialitzats;0;Irradia una aura, núvol o camp;0;Entrenat per ajudar en un tipus d'esdeveniment;Esdeveniment;Camades o niades grans;0
62;Criatura;Excrements collits per a un material;Material;Llum o bateria viva;0;Capaç de detectar un material valuós;Material;Ratlles, taques o coloració d'advertència;0
63;Criatura;Atac amb projectils;0;Escates, espines o crestes;0;Valorat per un ingredient o reactiu;Material;Portador de malalties;0
64;Criatura;Sobrenomenat després del seu descobridor o creador;Personatge;Construeix ruscs, teranyines o nius a partir d'un material;Material;Múltiples caps o cors;0;Notablement monògam o polígam;0
65;Criatura;Telèpata o telecinètic;0;Imitador o emboscador amb talent;0;Repel·lit per o atret a un material;Material;Usuari d'eines;0
66;Criatura;Cos o part del cos que creix contínuament;0;Sobrenomenat com un material;Material;S'alimenta de calor, energia màgica o sonora;0;Fotosintètic o fotofòbic;0
67;Criatura;Causa d'una plaga o calamitat;Esdeveniment;Fet d'un element o energia pura;0;Bípede humà o humanoide;0;Només pot néixer o eclosionar a la flama;0
68;Criatura;S'alimenta d'esperits, deïtats o immortals;0;Migrador o hibernador;0;Presa d'una altra criatura;Criatura;Associat amb un esperit o déu;0
69;Criatura;Associat a somnis, malsons o visions;0;Collit o caçat per una facció;Facció;Capaç de parla o escriptura;0;Ecolocalització o visió especialitzada;0
70;Criatura;Es transforma, cristal·litza o s'ossifica en morir;0;S'alimenta d'un tipus d'objecte o material;Objecte/Material;Utilitzat en la construcció d'una ubicació;Ubicació;Pateix mudes, despreniments o metamorfosis;0
71;Criatura;S'alimenta de residus o descomposició;0;Trets de canvi de temps o teletransport;0;Subespècie notable en una ubicació específica;Ubicació;Creix o muta molt ràpidament;0
72;Criatura;Mida inusual;0;Ecolocalització o visió especialitzada;0;Corcel d'un personatge notable;Personatge;Collit o caçat per una facció;Facció
1;Modificadors;Intacte;0;Cínic;0;Eclèctic;0;Desgastat;0
2;Modificadors;Primitiu;0;Compassiu;0;Musculós;0;Gòtic;0
3;Modificadors;Icònic;0;Seriós;0;Tranquil;0;Tenebrós;0
4;Modificadors;Històric;0;Cautelós;0;Espurnejant;0;Abonyegat;0
5;Modificadors;Connectat;0;Nostàlgic;0;Verd;0;Aventurer;0
6;Modificadors;Segur;0;Poc pràctic;0;Conscienciós;0;Imponent;0
7;Modificadors;Filantròpic;0;Desconcertant;0;Antiquat;0;Brillant;0
8;Modificadors;Artesanal;0;Astut;0;Animat;0;Proactiu;0
9;Modificadors;Optimista;0;En descomposició;0;Diplomàtic;0;D'ulls vius;0
10;Modificadors;Ardent;0;Desinformat;0;Obert de ment;0;Geomètric;0
11;Modificadors;Filferrenc;0;Elegant;0;Sofisticat;0;Perspicaç;0
12;Modificadors;Esfilagarsat;0;Indulgent;0;Majestuós;0;Esplèndid;0
13;Modificadors;Humorístic;0;Balbucejant;0;Esquerdat;0;Heròic;0
14;Modificadors;Crucial;0;Aviar;0;Tacat;0;Repulsiu;0
15;Modificadors;Persistent;0;Aquilí;0;Fracturat;0;Adaptatiu;0
16;Modificadors;En espiral;0;Bumbullegi;0;Caní;0;Crestat;0
17;Modificadors;Lluent;0;Parasitari;0;Calmant;0;Cromàtic;0
18;Modificadors;Èpic;0;Metàl·lic;0;Nu;0;Climàtic;0
19;Modificadors;Sense precedents;0;Florit;0;Refrescant;0;Aspre;0
20;Modificadors;Gemegant;0;Rugós;0;Vellutat;0;Brillant;0
21;Modificadors;Acrimoniós;0;Xiulant;0;Rígid;0;Clapejat;0
22;Modificadors;Prim;0;Críptic;0;Dentat;0;Insípid;0
23;Modificadors;Tens;0;Mític;0;Flexible;0;Arrelat;0
24;Modificadors;Conductiu;0;Químic;0;Irredimible;0;Noble;0
25;Modificadors;Rodó;0;Brut;0;Resistent a la intempèrie;0;Envellit;0
26;Modificadors;Llis;0;Capriciós;0;Luxós;0;Bronzejat;0
27;Modificadors;Pròsper;0;Intens;0;Extravagant;0;Modern;0
28;Modificadors;Amb textura;0;Doble cara;0;Translúcid;0;Coquet;0
29;Modificadors;De bon gust;0;Impressionant;0;Profund;0;Cridaner;0
30;Modificadors;Enfonsat;0;Tradicional;0;Desgastat pel temps;0;Meticulós;0
31;Modificadors;Net;0;Bigarrat;0;Fràgil;0;Religiós;0
32;Modificadors;Rúnic;0;Independent;0;Acollidor;0;Oportunista;0
33;Modificadors;De coure;0;Ventós;0;Llibertí;0;Resplendent;0
34;Modificadors;Poc convencional;0;D'elit;0;Despreocupat;0;Complidor;0
35;Modificadors;Utòpic;0;Estimulant;0;Imprevisible;0;Alt;0
36;Modificadors;Imponent;0;Ferm;0;Sorprenent;0;Audaç;0
37;Modificadors;Deplorable;0;Musical;0;Hortera;0;Animat;0
38;Modificadors;En relleu;0;Multicolor;0;Catastròfic;0;Lleuger;0
39;Modificadors;Salat;0;Sever;0;Orgànic;0;Crostós;0
40;Modificadors;Efímer;0;Angoixat;0;Pelut;0;Brunyit;0
41;Modificadors;Grotesc;0;De gasa;0;Lleoní;0;Humit;0
42;Modificadors;Sense paraules;0;Apagat;0;Elegant;0;Feroç;0
43;Modificadors;Absorbent;0;Desesperat;0;Lent;0;Venós;0
44;Modificadors;Fragant;0;Equivocat;0;Resistent;0;Adhesiu;0
45;Modificadors;Sedós;0;Venjatiu;0;Alat;0;Cruixent;0
46;Modificadors;Escamós;0;Agradable;0;Teixit;0;Resilient;0
47;Modificadors;Transcendental;0;Lluent;0;Esponjós;0;Tràgic;0
48;Modificadors;Persistent;0;Típic;0;Ursí;0;Felí;0
49;Modificadors;Humit;0;Transcendent;0;Atlètic;0;Pintat;0
50;Modificadors;Arqueològic;0;Nerviós;0;Cremat;0;Esgotador;0
51;Modificadors;Artístic;0;Atemporal;0;Recuperat;0;Cruel;0
52;Modificadors;Espiritual;0;Intricat;0;Militar;0;Extensible;0
53;Modificadors;Fanàtic;0;Clarivident;0;Competitiu;0;Tronador;0
54;Modificadors;Esborronador;0;Entusiasta;0;Relliscós;0;Altruista;0
55;Modificadors;Imponent;0;Pragmàtic;0;Amigable;0;Estimat;0
56;Modificadors;Bulliciós;0;Angular;0;Polit;0;Inclusiu;0
57;Modificadors;En flames;0;Perspicaç;0;Escàs;0;Fortuït;0
58;Modificadors;Pacifista;0;Elegant;0;Pretensiós;0;Audaç;0
59;Modificadors;Futurista;0;Autoritari;0;Adversari;0;Disciplinat;0
60;Modificadors;Aïllat;0;Patriòtic;0;Pacient;0;Ocult;0
61;Modificadors;Hèctic;0;Protector;0;Sòrdid;0;Tumultuós;0
62;Modificadors;En combustió;0;Lluminós;0;Cataclísmic;0;De paper;0
63;Modificadors;Delicat;0;Inhumà;0;Fortificant;0;Granular;0
64;Modificadors;Llopí;0;Brut;0;Punxegut;0;A mida;0
65;Modificadors;Juguener;0;Il·luminat;0;Nerviüt;0;Plegable;0
66;Modificadors;Apocalíptic;0;Brusc;0;Serendípic;0;Rechonxo;0
67;Modificadors;Pur;0;Despietat;0;Espantadís;0;Retorçat;0
68;Modificadors;Discordant;0;Vulpin;0;Picant;0;Humitejat;0
69;Modificadors;Lluent;0;Mal·leable;0;Enganxós;0;Atroç;0
70;Modificadors;Sensacional;0;Sorrenc;0;Cremós;0;Farcíc;0
71;Modificadors;Àgil;0;Calb;0;Ratllat;0;Trencadís;0
72;Modificadors;Dramàtic;0;Serpentí;0;Elàstic;0;Fràgil;0
73;Modificadors;Distòpic;0;Hipnòtic;0;Elegant;0;Festiu;0
74;Modificadors;Hologràfic;0;Curt;0;Fi;0;Espaiós;0
75;Modificadors;De tracte fàcil;0;Encantador;0;Escantonat;0;Sagnant;0
76;Modificadors;Exigent;0;Mínim;0;Assertiu;0;De moda;0
77;Modificadors;Audaç;0;Esmolat;0;Exclusiu;0;Porós;0
78;Modificadors;Incomparable;0;Atent;0;Novell;0;Brutícia;0
79;Modificadors;Erudit;0;Narcisista;0;Encantador;0;Eficient;0
80;Modificadors;Educat;0;Industrial;0;Penedit;0;Tusc;0
81;Modificadors;Sensual;0;Robust;0;Steampunk;0;Verinós;0
82;Modificadors;Empàtic;0;Pròsper;0;Imparcial;0;Místic;0
83;Modificadors;Progressista;0;Sense cor;0;Alegre;0;En ruïnes;0
84;Modificadors;Hospitalari;0;Avorrit;0;Acadèmic;0;Suau;0
85;Modificadors;Maliciós;0;De fang;0;Envidriat;0;Malvingut;0
86;Modificadors;Incrustat;0;Transparent;0;Teatral;0;Descantellant-se;0
87;Modificadors;Dens;0;Terrible;0;Letal;0;Ferm;0
88;Modificadors;Ficamargues;0;Cruixent;0;Serrat;0;Multifacètic;0
89;Modificadors;Desenfrenat;0;Enrotllat;0;Energètic;0;Trenat;0
90;Modificadors;Penetrant;0;Juvenil;0;Marbrejat;0;Inorgànic;0
91;Modificadors;Ronc;0;Venenós;0;Decebedor;0;Fotofòbic;0
92;Modificadors;Esculpible;0;Espontani;0;Flexible;0;Gelatinós;0
93;Modificadors;Predestinat;0;Furtiu;0;Diàfan;0;Divertit;0
94;Modificadors;Granulat;0;Cridaner;0;Pesat;0;Creatiu;0
95;Modificadors;Excavador;0;Emmotllable;0;Dinàmic;0;Esvelt;0
96;Modificadors;Pudent;0;Fibrós;0;Clapejat;0;Fi;0
